{"cameraMode":{"drawMode":0,"name":"Shaded","section":"Shading Mode"},"sceneLighting":false,"audioPlay":false,"sceneViewState":{"showFog":true,"showMaterialUpdate":false,"showSkybox":true,"showFlares":true,"showImageEffects":true,"showParticleSystems":true},"in2DMode":false,"pivot":{"x":0.0006894469261169434,"y":-0.0045119524002075199,"z":-2.119999885559082},"rotation":{"x":-0.7512140870094299,"y":-0.0007800080347806215,"z":0.0008879622328095138,"w":-0.6600576639175415},"size":3.738471746444702,"orthographic":true}