{"cameraMode":{"drawMode":0,"name":"Shaded","section":"Shading Mode"},"sceneLighting":true,"audioPlay":false,"sceneViewState":{"showFog":true,"showMaterialUpdate":false,"showSkybox":true,"showFlares":true,"showImageEffects":true,"showParticleSystems":true},"in2DMode":false,"pivot":{"x":0.18212890625,"y":0.80517578125,"z":-1.732666015625},"rotation":{"x":0.13693509995937348,"y":-0.7655976414680481,"z":0.1735377311706543,"w":0.6041471362113953},"size":2.4190540313720705,"orthographic":true}