{"cameraMode":{"drawMode":0,"name":"Shaded","section":"Shading Mode"},"sceneLighting":false,"audioPlay":false,"sceneViewState":{"showFog":true,"showMaterialUpdate":false,"showSkybox":true,"showFlares":true,"showImageEffects":true,"showParticleSystems":true},"in2DMode":false,"pivot":{"x":-1.9800000190734864,"y":15.802535057067871,"z":5.179999828338623},"rotation":{"x":-0.5857441425323486,"y":0.0330595001578331,"z":-0.023921983316540719,"w":-0.809468150138855},"size":4.418562412261963,"orthographic":true}