{"cameraMode":{"drawMode":0,"name":"Shaded","section":"Shading Mode"},"sceneLighting":false,"audioPlay":false,"sceneViewState":{"showFog":true,"showMaterialUpdate":false,"showSkybox":true,"showFlares":true,"showImageEffects":true,"showParticleSystems":true},"in2DMode":false,"pivot":{"x":-0.047024428844451907,"y":15.886662483215332,"z":5.9262919425964359},"rotation":{"x":-0.7442362308502197,"y":-0.0027930084615945818,"z":0.003112441161647439,"w":-0.6679034233093262},"size":3.5836637020111086,"orthographic":true}