{"cameraMode":{"drawMode":0,"name":"Shaded","section":"Shading Mode"},"sceneLighting":false,"audioPlay":false,"sceneViewState":{"showFog":true,"showMaterialUpdate":false,"showSkybox":true,"showFlares":true,"showImageEffects":true,"showParticleSystems":true},"in2DMode":false,"pivot":{"x":0.0,"y":-0.011736452579498291,"z":19.65287971496582},"rotation":{"x":-0.7025907039642334,"y":0.019430579617619516,"z":-0.019197961315512658,"w":-0.7110698223114014},"size":4.873220920562744,"orthographic":true}