{"cameraMode":{"drawMode":0,"name":"Shaded","section":"Shading Mode"},"sceneLighting":false,"audioPlay":false,"sceneViewState":{"showFog":true,"showMaterialUpdate":false,"showSkybox":true,"showFlares":true,"showImageEffects":true,"showParticleSystems":true},"in2DMode":false,"pivot":{"x":0.2980842590332031,"y":1.3544921875,"z":1.453857421875},"rotation":{"x":0.6018465757369995,"y":0.0121959513053298,"z":-0.009192953817546368,"w":0.7984656691551209},"size":1.990979790687561,"orthographic":true}